scene,frame,method,mse,psnr,ssim,static_mse,moving_mae
scene_4,0,noisy,0.0001129597,39.470766,0.987094,770.567017,
scene_4,0,2dnr,0.0001129171,39.472404,0.987101,768.785156,
scene_4,0,dataset_3dnr,0.0000454765,43.422127,0.994512,124.188034,
scene_4,0,ghost3dnr,0.0001129597,39.470766,0.987094,770.567017,
scene_4,1,noisy,0.0000992656,40.032014,0.989015,662.000732,60.696888
scene_4,1,2dnr,0.0000992188,40.034059,0.989021,660.044128,60.698341
scene_4,1,dataset_3dnr,0.0000413536,43.834867,0.994747,129.725769,52.525726
scene_4,1,ghost3dnr,0.0001252007,39.023931,0.987076,618.273376,114.900429
scene_4,2,noisy,0.0001126028,39.484507,0.987003,766.464661,63.071686
scene_4,2,2dnr,0.0001125580,39.486235,0.987014,764.681152,63.071938
scene_4,2,dataset_3dnr,0.0000408354,43.889628,0.994711,123.832832,58.471146
scene_4,2,ghost3dnr,0.0001122642,39.497588,0.988696,498.614258,95.367325
scene_4,3,noisy,0.0001132957,39.457867,0.986906,771.452026,63.891991
scene_4,3,2dnr,0.0001132516,39.459558,0.986913,769.723389,63.891544
scene_4,3,dataset_3dnr,0.0000403384,43.942813,0.994845,121.821083,56.553474
scene_4,3,ghost3dnr,0.0000968423,40.139349,0.990620,396.762512,92.882477
scene_4,4,noisy,0.0001127254,39.479781,0.987002,769.315491,63.870815
scene_4,4,2dnr,0.0001126814,39.481478,0.987010,767.552124,63.870834
scene_4,4,dataset_3dnr,0.0000398664,43.993927,0.994820,124.952507,55.448071
scene_4,4,ghost3dnr,0.0000853802,40.686427,0.991853,325.298828,88.315628
scene_4,5,noisy,0.0001124863,39.489002,0.987235,764.222778,64.272636
scene_4,5,2dnr,0.0001124412,39.490745,0.987244,762.467163,64.273438
scene_4,5,dataset_3dnr,0.0000397780,44.003573,0.994830,123.608734,55.830021
scene_4,5,ghost3dnr,0.0000787557,41.037182,0.992748,268.597015,88.660858
scene_4,6,noisy,0.0001128409,39.475336,0.987062,769.389221,64.604294
scene_4,6,2dnr,0.0001127975,39.477004,0.987068,767.621216,64.603737
scene_4,6,dataset_3dnr,0.0000397934,44.001894,0.994745,124.500084,55.823650
scene_4,6,ghost3dnr,0.0000727270,41.383041,0.993303,233.761826,86.267326
scene_4,7,noisy,0.0001130166,39.468579,0.986854,768.944580,63.813206
scene_4,7,2dnr,0.0001129710,39.470330,0.986862,767.163696,63.813744
scene_4,7,dataset_3dnr,0.0000401214,43.966234,0.994737,123.226280,56.313431
scene_4,7,ghost3dnr,0.0000723283,41.406920,0.993743,197.734573,89.600014
scene_4,8,noisy,0.0001136958,39.442557,0.986799,774.865234,64.143387
scene_4,8,2dnr,0.0001136516,39.444244,0.986808,773.093689,64.143181
scene_4,8,dataset_3dnr,0.0000402485,43.952502,0.994772,123.218193,55.893364
scene_4,8,ghost3dnr,0.0000659906,41.805180,0.994302,172.198593,85.754219
scene_4,9,noisy,0.0001132332,39.460263,0.987246,765.066284,64.175583
scene_4,9,2dnr,0.0001131890,39.461959,0.987253,763.284485,64.175819
scene_4,9,dataset_3dnr,0.0000400874,43.969919,0.994901,122.326683,56.001362
scene_4,9,ghost3dnr,0.0000641538,41.927776,0.994548,149.755646,86.074707
scene_4,10,noisy,0.0000990206,40.042745,0.988979,656.598755,60.368069
scene_4,10,2dnr,0.0000989738,40.044797,0.988985,654.633850,60.368488
scene_4,10,dataset_3dnr,0.0000393115,44.054807,0.994920,124.274796,55.352234
scene_4,10,ghost3dnr,0.0000629380,42.010870,0.994790,134.731216,86.056313
scene_4,11,noisy,0.0001030040,39.871460,0.988374,688.169983,61.178295
scene_4,11,2dnr,0.0001029577,39.873413,0.988383,686.260437,61.178799
scene_4,11,dataset_3dnr,0.0000398722,43.993294,0.994841,122.874741,55.448097
scene_4,11,ghost3dnr,0.0000634123,41.978265,0.994780,122.855247,86.609200
scene_4,12,noisy,0.0001135619,39.447673,0.987063,770.087585,62.787827
scene_4,12,2dnr,0.0001135186,39.449329,0.987070,768.310486,62.787586
scene_4,12,dataset_3dnr,0.0000399089,43.989300,0.994869,123.048782,54.628956
scene_4,12,ghost3dnr,0.0000611052,42.139220,0.994791,115.742966,85.341888
scene_4,13,noisy,0.0001135813,39.446932,0.986833,774.651917,61.880825
scene_4,13,2dnr,0.0001135373,39.448615,0.986841,772.845337,61.878559
scene_4,13,dataset_3dnr,0.0000404514,43.930669,0.994736,124.087524,54.391754
scene_4,13,ghost3dnr,0.0000807627,40.927891,0.993409,108.864349,88.444878
scene_4,14,noisy,0.0001137295,39.441267,0.987030,772.375122,61.437885
scene_4,14,2dnr,0.0001136849,39.442973,0.987036,770.616455,61.436996
scene_4,14,dataset_3dnr,0.0000404834,43.927225,0.994806,123.889053,53.876305
scene_4,14,ghost3dnr,0.0000874192,40.583930,0.992892,103.758812,86.640968
scene_4,15,noisy,0.0001137196,39.441649,0.987174,772.821838,60.880070
scene_4,15,2dnr,0.0001136763,39.443303,0.987180,771.031860,60.878895
scene_4,15,dataset_3dnr,0.0000402809,43.949004,0.994883,123.133202,53.376976
scene_4,15,ghost3dnr,0.0001090635,39.623207,0.991256,95.886307,89.135719
scene_4,16,noisy,0.0000993730,40.027315,0.988968,658.044739,57.104977
scene_4,16,2dnr,0.0000993245,40.029434,0.988977,656.041992,57.104187
scene_4,16,dataset_3dnr,0.0000394173,44.043130,0.994909,123.804558,52.509129
scene_4,16,ghost3dnr,0.0001268797,38.966078,0.990044,93.985626,91.084702
scene_4,17,noisy,0.0001136890,39.442817,0.986982,773.079224,59.930725
scene_4,17,2dnr,0.0001136451,39.444491,0.986990,771.301636,59.930508
scene_4,17,dataset_3dnr,0.0000403890,43.937372,0.994757,123.168953,52.906639
scene_4,17,ghost3dnr,0.0001367583,38.640463,0.989274,90.767387,89.458199
scene_4,18,noisy,0.0001128963,39.473204,0.986916,767.262085,59.718586
scene_4,18,2dnr,0.0001128521,39.474905,0.986924,765.526245,59.718033
scene_4,18,dataset_3dnr,0.0000404378,43.932126,0.994820,122.800583,52.985157
scene_4,18,ghost3dnr,0.0001345884,38.709924,0.988425,88.126518,88.665833
scene_4,19,noisy,0.0001132241,39.460611,0.987038,767.584656,60.212418
scene_4,19,2dnr,0.0001131805,39.462283,0.987047,765.793457,60.212635
scene_4,19,dataset_3dnr,0.0000408245,43.890796,0.994697,123.357246,53.075199
scene_4,19,ghost3dnr,0.0001530358,38.152069,0.987414,86.866447,93.018288
scene_4,20,noisy,0.0001133566,39.455532,0.986899,774.625122,55.565655
scene_4,20,2dnr,0.0001133120,39.457240,0.986908,772.859375,55.564701
scene_4,20,dataset_3dnr,0.0000412983,43.840683,0.994704,124.133575,49.395439
scene_4,20,ghost3dnr,0.0001643631,37.841956,0.986574,88.498817,91.349808
scene_4,21,noisy,0.0001127236,39.479853,0.986990,763.418518,51.017395
scene_4,21,2dnr,0.0001126784,39.481594,0.987000,761.643372,51.013939
scene_4,21,dataset_3dnr,0.0000422166,43.745169,0.994758,123.405823,45.106037
scene_4,21,ghost3dnr,0.0001850938,37.326081,0.985767,85.317238,93.774925
scene_4,22,noisy,0.0001119381,39.510221,0.987226,769.650696,47.489876
scene_4,22,2dnr,0.0001118920,39.512010,0.987234,767.779175,47.482162
scene_4,22,dataset_3dnr,0.0000413384,43.836461,0.994942,121.262863,40.795826
scene_4,22,ghost3dnr,0.0001862841,37.298243,0.982403,83.848343,97.520035
scene_4,23,noisy,0.0000948854,40.228006,0.989484,637.411377,42.718697
scene_4,23,2dnr,0.0000948338,40.230369,0.989496,635.352051,42.708519
scene_4,23,dataset_3dnr,0.0000395519,44.028330,0.995100,119.787865,38.692501
scene_4,23,ghost3dnr,0.0001912506,37.183971,0.980403,83.410225,97.671928
scene_4,24,noisy,0.0001101608,39.579729,0.987268,773.036743,45.089272
scene_4,24,2dnr,0.0001101124,39.581637,0.987278,771.247559,45.081310
scene_4,24,dataset_3dnr,0.0000414887,43.820697,0.994909,121.765373,38.985062
scene_4,24,ghost3dnr,0.0001887999,37.239984,0.977445,80.808716,97.473808
scene_4,25,noisy,0.0001088390,39.632154,0.987437,764.407959,45.253658
scene_4,25,2dnr,0.0001087893,39.634138,0.987446,762.645386,45.247032
scene_4,25,dataset_3dnr,0.0000416645,43.802340,0.994893,119.557335,39.538052
scene_4,25,ghost3dnr,0.0003169241,34.990447,0.975049,82.260559,112.691345
scene_4,26,noisy,0.0001111942,39.539180,0.987306,775.222107,45.985256
scene_4,26,2dnr,0.0001111440,39.541141,0.987317,773.439697,45.979366
scene_4,26,dataset_3dnr,0.0000428294,43.682577,0.994907,121.916405,40.108879
scene_4,26,ghost3dnr,0.0009969954,30.013069,0.966527,82.439758,136.405060
scene_4,27,noisy,0.0001109226,39.549801,0.987335,772.620422,44.324181
scene_4,27,2dnr,0.0001108723,39.551768,0.987344,770.809998,44.318890
scene_4,27,dataset_3dnr,0.0000470429,43.275056,0.994886,120.878151,39.087185
scene_4,27,ghost3dnr,0.0011945188,29.228070,0.950910,84.897751,165.179688
scene_4,28,noisy,0.0001151759,39.386382,0.987355,784.251099,45.095341
scene_4,28,2dnr,0.0001151291,39.388148,0.987365,782.465759,45.091644
scene_4,28,dataset_3dnr,0.0000527153,42.780636,0.994782,124.327103,40.558338
scene_4,28,ghost3dnr,0.0020656714,26.849388,0.928473,87.604706,208.503754
scene_4,29,noisy,0.0001180305,39.280056,0.987488,774.393372,46.496254
scene_4,29,2dnr,0.0001179848,39.281738,0.987496,772.635132,46.492924
scene_4,29,dataset_3dnr,0.0000639491,41.941657,0.994703,123.362045,43.648178
scene_4,29,ghost3dnr,0.0027355801,25.629506,0.906357,88.852608,226.537308
scene_4,30,noisy,0.0001222193,39.128603,0.987672,777.950012,48.561188
scene_4,30,2dnr,0.0001221752,39.130170,0.987679,776.165833,48.557743
scene_4,30,dataset_3dnr,0.0000700297,41.547180,0.994611,123.779137,46.122101
scene_4,30,ghost3dnr,0.0034563099,24.613873,0.889923,93.938538,234.785599
scene_4,31,noisy,0.0001245016,39.048249,0.987616,777.402588,49.808727
scene_4,31,2dnr,0.0001244592,39.049731,0.987624,775.623596,49.805130
scene_4,31,dataset_3dnr,0.0000772873,41.118921,0.994414,124.189453,48.008659
scene_4,31,ghost3dnr,0.0050584269,22.959845,0.875227,93.523430,283.999939
scene_4,32,noisy,0.0001258544,39.001316,0.987832,776.385376,50.081875
scene_4,32,2dnr,0.0001258108,39.002820,0.987838,774.587341,50.078224
scene_4,32,dataset_3dnr,0.0000739033,41.313360,0.994362,126.778664,47.269230
scene_4,32,ghost3dnr,0.0091271633,20.396642,0.861925,90.969185,382.762787
scene_4,33,noisy,0.0001263236,38.985154,0.987657,779.615234,49.593483
scene_4,33,2dnr,0.0001262825,38.986569,0.987664,777.850830,49.591015
scene_4,33,dataset_3dnr,0.0000695582,41.576514,0.994404,128.256210,45.631390
scene_4,33,ghost3dnr,0.0132895010,18.764913,0.850358,88.820206,423.205688
scene_4,34,noisy,0.0001262608,38.987314,0.987823,778.200439,48.199932
scene_4,34,2dnr,0.0001262189,38.988757,0.987830,776.465332,48.196438
scene_4,34,dataset_3dnr,0.0000667796,41.753562,0.994339,128.054962,44.021938
scene_4,34,ghost3dnr,0.0179959945,17.448241,0.840178,95.274574,454.866394
scene_4,35,noisy,0.0001262053,38.989224,0.987661,781.011292,47.814548
scene_4,35,2dnr,0.0001261640,38.990647,0.987669,779.275574,47.810333
scene_4,35,dataset_3dnr,0.0000614530,42.114571,0.994522,128.222900,42.480522
scene_4,35,ghost3dnr,0.0223934557,16.498789,0.838139,90.122322,464.878937
scene_4,36,noisy,0.0001272039,38.954996,0.987608,782.278137,49.206417
scene_4,36,2dnr,0.0001271627,38.956402,0.987615,780.499939,49.202728
scene_4,36,dataset_3dnr,0.0000602575,42.199889,0.994538,128.160721,43.224495
scene_4,36,ghost3dnr,0.0243015140,16.143667,0.836435,90.451416,434.050079
scene_4,37,noisy,0.0001234911,39.083642,0.987790,767.657532,49.155895
scene_4,37,2dnr,0.0001234486,39.085138,0.987797,765.893066,49.153503
scene_4,37,dataset_3dnr,0.0000582156,42.349610,0.994452,125.477272,43.709740
scene_4,37,ghost3dnr,0.0257669073,15.889377,0.831989,88.318764,504.593414
scene_4,38,noisy,0.0001171342,39.313165,0.988351,728.456238,48.100082
scene_4,38,2dnr,0.0001170903,39.314790,0.988359,726.609802,48.097721
scene_4,38,dataset_3dnr,0.0000549042,42.603946,0.994444,126.951233,43.208893
scene_4,38,ghost3dnr,0.0277816914,15.562413,0.825898,85.445038,605.675110
scene_4,39,noisy,0.0001194330,39.228756,0.987201,776.329346,47.603889
scene_4,39,2dnr,0.0001193914,39.230270,0.987207,774.595703,47.600933
scene_4,39,dataset_3dnr,0.0000516706,42.867561,0.994416,126.046959,41.682869
scene_4,39,ghost3dnr,0.0294136945,15.314504,0.825660,83.142540,639.334351
scene_4,40,noisy,0.0001171968,39.310841,0.987239,769.529297,47.975285
scene_4,40,2dnr,0.0001171548,39.312400,0.987245,767.742981,47.972424
scene_4,40,dataset_3dnr,0.0000474050,43.241758,0.994425,124.853012,41.369862
scene_4,40,ghost3dnr,0.0292618573,15.336981,0.828476,81.609543,724.409668
scene_4,41,noisy,0.0001150038,39.392878,0.987288,775.800720,48.686184
scene_4,41,2dnr,0.0001149600,39.394532,0.987296,774.013000,48.682877
scene_4,41,dataset_3dnr,0.0000443385,43.532192,0.994423,125.170464,41.820702
scene_4,41,ghost3dnr,0.0263157655,15.797840,0.833457,83.451591,717.722778
scene_4,42,noisy,0.0001142548,39.421254,0.987103,779.816650,52.465729
scene_4,42,2dnr,0.0001142119,39.422886,0.987110,778.032837,52.463730
scene_4,42,dataset_3dnr,0.0000419036,43.777490,0.994465,126.446266,44.880329
scene_4,42,ghost3dnr,0.0228445679,16.412171,0.843254,81.971092,687.641235
scene_4,43,noisy,0.0001136237,39.445313,0.986764,768.874268,58.666557
scene_4,43,2dnr,0.0001135803,39.446968,0.986770,767.099304,58.666756
scene_4,43,dataset_3dnr,0.0000415999,43.809074,0.994474,124.138374,51.779686
scene_4,43,ghost3dnr,0.0152446469,18.168826,0.863938,81.170593,236.422623
scene_4,44,noisy,0.0001140054,39.430747,0.986968,774.844116,60.290646
scene_4,44,2dnr,0.0001139616,39.432416,0.986978,773.035461,60.290337
scene_4,44,dataset_3dnr,0.0000412412,43.846692,0.994509,125.915115,52.552948
scene_4,44,ghost3dnr,0.0099639082,20.015703,0.881448,80.801498,162.938965
scene_4,45,noisy,0.0001141317,39.425939,0.987004,777.051636,59.084053
scene_4,45,2dnr,0.0001140874,39.427623,0.987010,775.326233,59.083149
scene_4,45,dataset_3dnr,0.0000417133,43.797259,0.994558,125.323883,52.193214
scene_4,45,ghost3dnr,0.0052725282,22.779811,0.906603,80.724564,156.876129
scene_4,46,noisy,0.0001143699,39.416883,0.986942,764.943481,58.223080
scene_4,46,2dnr,0.0001143265,39.418533,0.986950,763.130127,58.222679
scene_4,46,dataset_3dnr,0.0000425896,43.706965,0.994662,125.291458,52.586727
scene_4,46,ghost3dnr,0.0026938950,25.696193,0.927829,80.331017,150.811111
scene_4,47,noisy,0.0001147933,39.400835,0.986897,778.366394,57.854771
scene_4,47,2dnr,0.0001147496,39.402489,0.986905,776.558655,57.853554
scene_4,47,dataset_3dnr,0.0000420597,43.761337,0.994635,127.920631,50.954807
scene_4,47,ghost3dnr,0.0017643516,27.534149,0.950748,80.210403,179.948181
scene_4,48,noisy,0.0001136641,39.443766,0.987051,770.033630,57.725670
scene_4,48,2dnr,0.0001136207,39.445427,0.987058,768.214355,57.725483
scene_4,48,dataset_3dnr,0.0000424988,43.716229,0.994612,124.675705,51.861511
scene_4,48,ghost3dnr,0.0014590470,28.359307,0.964653,83.086090,189.470901
scene_4,49,noisy,0.0001076637,39.679306,0.988023,720.688721,56.856434
scene_4,49,2dnr,0.0001076188,39.681119,0.988033,718.856506,56.856228
scene_4,49,dataset_3dnr,0.0000420761,43.759649,0.994636,125.682442,51.917202
scene_4,49,ghost3dnr,0.0014027504,28.530196,0.969851,81.758224,145.070312
scene_4,50,noisy,0.0001142021,39.423259,0.987016,775.373169,58.469994
scene_4,50,2dnr,0.0001141582,39.424931,0.987023,773.597961,58.468464
scene_4,50,dataset_3dnr,0.0000432801,43.637119,0.994565,128.192703,51.926334
scene_4,50,ghost3dnr,0.0013714873,28.628082,0.973234,81.891602,133.733353
scene_4,51,noisy,0.0001138365,39.437183,0.987272,769.428345,57.684895
scene_4,51,2dnr,0.0001137937,39.438819,0.987278,767.632751,57.683552
scene_4,51,dataset_3dnr,0.0000437998,43.585282,0.994514,123.850891,52.371101
scene_4,51,ghost3dnr,0.0011689047,29.322209,0.971515,81.931534,136.582413
scene_4,52,noisy,0.0001143203,39.418765,0.987000,773.288818,56.942360
scene_4,52,2dnr,0.0001142777,39.420387,0.987006,771.560120,56.941586
scene_4,52,dataset_3dnr,0.0000448350,43.483828,0.994532,126.060455,53.071423
scene_4,52,ghost3dnr,0.0010998911,29.586503,0.971319,84.629555,139.691788
scene_4,53,noisy,0.0001148757,39.397719,0.987150,771.638550,56.656361
scene_4,53,2dnr,0.0001148308,39.399414,0.987157,769.876831,56.654190
scene_4,53,dataset_3dnr,0.0000451677,43.451716,0.994555,125.182442,52.132507
scene_4,53,ghost3dnr,0.0009129320,30.395616,0.970044,86.516296,150.559647
scene_4,54,noisy,0.0001141997,39.423350,0.987262,771.568420,56.092033
scene_4,54,2dnr,0.0001141568,39.424983,0.987270,769.812439,56.091454
scene_4,54,dataset_3dnr,0.0000449412,43.473552,0.994542,125.495895,51.745071
scene_4,54,ghost3dnr,0.0012006573,29.205809,0.968043,86.765205,161.903641
scene_4,55,noisy,0.0001144608,39.413433,0.987048,769.740662,56.500423
scene_4,55,2dnr,0.0001144180,39.415055,0.987056,768.008728,56.499001
scene_4,55,dataset_3dnr,0.0000453968,43.429751,0.994525,126.048027,52.439602
scene_4,55,ghost3dnr,0.0011256723,29.485880,0.967721,87.521225,142.341202
scene_4,56,noisy,0.0001142351,39.422004,0.987018,773.020264,55.589077
scene_4,56,2dnr,0.0001141920,39.423644,0.987025,771.269226,55.588295
scene_4,56,dataset_3dnr,0.0000462484,43.349036,0.994526,125.931885,51.195450
scene_4,56,ghost3dnr,0.0013084045,28.832580,0.963395,88.623245,154.779068
scene_4,57,noisy,0.0001142502,39.421431,0.987270,772.026489,54.232918
scene_4,57,2dnr,0.0001142067,39.423084,0.987277,770.248169,54.231140
scene_4,57,dataset_3dnr,0.0000464868,43.326700,0.994441,126.839790,50.429489
scene_4,57,ghost3dnr,0.0011738833,29.303751,0.960879,88.499474,154.122696
scene_4,58,noisy,0.0001152455,39.383762,0.986753,779.421997,54.397331
scene_4,58,2dnr,0.0001152026,39.385377,0.986760,777.643494,54.396690
scene_4,58,dataset_3dnr,0.0000483457,43.156418,0.994294,129.853180,50.585876
scene_4,58,ghost3dnr,0.0014165477,28.487688,0.957129,89.782471,165.602432
scene_4,59,noisy,0.0001167179,39.328624,0.986865,778.012939,55.176044
scene_4,59,2dnr,0.0001166755,39.330202,0.986872,776.282654,55.174568
scene_4,59,dataset_3dnr,0.0000504371,42.972498,0.994417,126.755028,52.098568
scene_4,59,ghost3dnr,0.0014061923,28.519553,0.955103,86.830673,160.000641
scene_4,60,noisy,0.0001159900,39.355793,0.986883,779.202393,54.799393
scene_4,60,2dnr,0.0001159478,39.357374,0.986890,777.465576,54.799061
scene_4,60,dataset_3dnr,0.0000506110,42.957548,0.994280,130.751022,51.815731
scene_4,60,ghost3dnr,0.0014360310,28.428362,0.951059,89.365639,163.466568
scene_4,61,noisy,0.0001167916,39.325885,0.987014,779.629944,54.290859
scene_4,61,2dnr,0.0001167496,39.327448,0.987023,777.810242,54.290119
scene_4,61,dataset_3dnr,0.0000522668,42.817738,0.994312,128.497482,52.191509
scene_4,61,ghost3dnr,0.0014084403,28.512616,0.951338,91.049263,166.240509
scene_4,62,noisy,0.0001169364,39.320502,0.987076,777.770813,54.336121
scene_4,62,2dnr,0.0001168932,39.322107,0.987083,775.979675,54.335625
scene_4,62,dataset_3dnr,0.0000523524,42.810631,0.994236,127.770851,52.524162
scene_4,62,ghost3dnr,0.0013839492,28.588799,0.951771,87.065613,165.605774
scene_4,63,noisy,0.0001157057,39.366452,0.987085,768.199951,53.561615
scene_4,63,2dnr,0.0001156634,39.368040,0.987093,766.452942,53.561001
scene_4,63,dataset_3dnr,0.0000488632,43.110180,0.994258,126.406929,50.033123
scene_4,63,ghost3dnr,0.0014358686,28.428853,0.950074,85.130417,181.009109
scene_4,64,noisy,0.0001153677,39.379157,0.987072,766.259766,54.299042
scene_4,64,2dnr,0.0001153247,39.380776,0.987081,764.501221,54.299618
scene_4,64,dataset_3dnr,0.0000483516,43.155887,0.994069,127.083557,51.076962
scene_4,64,ghost3dnr,0.0014029247,28.529657,0.952378,84.453842,182.590073
scene_4,65,noisy,0.0001168875,39.322319,0.986901,775.041748,54.781155
scene_4,65,2dnr,0.0001168451,39.323894,0.986910,773.244690,54.780148
scene_4,65,dataset_3dnr,0.0000485136,43.141363,0.994162,126.469116,50.807457
scene_4,65,ghost3dnr,0.0016748244,27.760307,0.951362,83.348129,184.886581
scene_4,66,noisy,0.0001162616,39.345637,0.987146,760.953064,54.639256
scene_4,66,2dnr,0.0001162182,39.347258,0.987154,759.143860,54.639557
scene_4,66,dataset_3dnr,0.0000492041,43.079983,0.994240,124.732033,50.907333
scene_4,66,ghost3dnr,0.0017610517,27.542279,0.955238,82.976440,183.613464
scene_4,67,noisy,0.0001172278,39.309693,0.987167,775.451904,55.084167
scene_4,67,2dnr,0.0001171858,39.311250,0.987177,773.664185,55.083191
scene_4,67,dataset_3dnr,0.0000501669,42.995824,0.994362,128.227829,51.186153
scene_4,67,ghost3dnr,0.0018267678,27.383166,0.952569,80.536400,168.295303
scene_4,68,noisy,0.0001190645,39.242176,0.986909,775.949890,56.308815
scene_4,68,2dnr,0.0001190225,39.243711,0.986915,774.200623,56.308365
scene_4,68,dataset_3dnr,0.0000513032,42.898559,0.994213,128.661453,52.780334
scene_4,68,ghost3dnr,0.0016339263,27.867675,0.958271,83.392601,161.361511
scene_4,69,noisy,0.0001171728,39.311733,0.987430,768.293030,56.009396
scene_4,69,2dnr,0.0001171308,39.313289,0.987439,766.555542,56.007984
scene_4,69,dataset_3dnr,0.0000503115,42.983328,0.994397,126.960938,51.871853
scene_4,69,ghost3dnr,0.0014447928,28.401944,0.958718,82.002220,158.448273
scene_4,70,noisy,0.0001184263,39.265518,0.987065,771.481995,56.425053
scene_4,70,2dnr,0.0001183855,39.267017,0.987074,769.706787,56.424492
scene_4,70,dataset_3dnr,0.0000514605,42.885259,0.994306,127.010033,52.908943
scene_4,70,ghost3dnr,0.0014120335,28.501550,0.962048,82.318779,154.926331
scene_4,71,noisy,0.0001184883,39.263244,0.987330,774.989136,56.483929
scene_4,71,2dnr,0.0001184462,39.264788,0.987338,773.232666,56.484150
scene_4,71,dataset_3dnr,0.0000497502,43.032050,0.994195,127.952484,52.312260
scene_4,71,ghost3dnr,0.0013389338,28.732409,0.962785,83.495117,155.793854
scene_4,72,noisy,0.0001193368,39.232257,0.987108,778.588257,56.068459
scene_4,72,2dnr,0.0001192944,39.233798,0.987117,776.773132,56.067207
scene_4,72,dataset_3dnr,0.0000508462,42.937413,0.994174,127.751938,52.192207
scene_4,72,ghost3dnr,0.0014411407,28.412936,0.961141,81.568840,161.356216
scene_4,73,noisy,0.0001194052,39.229766,0.986945,782.255493,55.664764
scene_4,73,2dnr,0.0001193629,39.231307,0.986952,780.484131,55.663628
scene_4,73,dataset_3dnr,0.0000499430,43.015256,0.994156,129.901749,50.297043
scene_4,73,ghost3dnr,0.0015820633,28.007762,0.958333,82.133644,174.659241
scene_4,74,noisy,0.0001193154,39.233035,0.987152,774.455322,56.054298
scene_4,74,2dnr,0.0001192740,39.234543,0.987159,772.682800,56.053596
scene_4,74,dataset_3dnr,0.0000493515,43.066993,0.994157,127.317253,50.699738
scene_4,74,ghost3dnr,0.0015993653,27.960523,0.958073,81.327530,168.100769
scene_4,75,noisy,0.0001103361,39.572822,0.988414,708.548828,54.565472
scene_4,75,2dnr,0.0001102929,39.574524,0.988423,706.651794,54.564987
scene_4,75,dataset_3dnr,0.0000483189,43.158827,0.994250,128.334839,50.604084
scene_4,75,ghost3dnr,0.0016789241,27.749689,0.955705,80.950386,157.843872
scene_4,76,noisy,0.0001192679,39.234763,0.987370,780.183594,56.860771
scene_4,76,2dnr,0.0001192267,39.236264,0.987376,778.391724,56.859680
scene_4,76,dataset_3dnr,0.0000493648,43.065829,0.994295,127.985367,51.538521
scene_4,76,ghost3dnr,0.0016443098,27.840163,0.953771,81.287071,159.029907
scene_4,77,noisy,0.0001051330,39.782611,0.989147,660.187744,53.027145
scene_4,77,2dnr,0.0001050883,39.784458,0.989156,658.170105,53.026608
scene_4,77,dataset_3dnr,0.0000479588,43.191317,0.994292,127.943718,49.755535
scene_4,77,ghost3dnr,0.0016498077,27.825667,0.953304,79.588531,158.197342
scene_4,78,noisy,0.0001210686,39.169684,0.987197,789.231750,55.346191
scene_4,78,2dnr,0.0001210285,39.171125,0.987204,787.518616,55.344643
scene_4,78,dataset_3dnr,0.0000493036,43.071217,0.994278,128.148438,49.342400
scene_4,78,ghost3dnr,0.0016443121,27.840158,0.953206,79.954689,178.467239
scene_4,79,noisy,0.0001204602,39.191564,0.987086,780.480286,52.853168
scene_4,79,2dnr,0.0001204182,39.193078,0.987095,778.714722,52.849319
scene_4,79,dataset_3dnr,0.0000491361,43.085996,0.994315,127.496498,46.899715
scene_4,79,ghost3dnr,0.0012435549,29.053350,0.957905,79.123161,181.083649
scene_4,80,noisy,0.0001195573,39.224240,0.987322,773.213318,52.368679
scene_4,80,2dnr,0.0001195151,39.225773,0.987330,771.491760,52.365688
scene_4,80,dataset_3dnr,0.0000493869,43.063881,0.994309,127.950073,46.477955
scene_4,80,ghost3dnr,0.0011222672,29.499037,0.959768,81.340759,195.902512
scene_4,81,noisy,0.0001180497,39.279353,0.987459,771.727783,50.918926
scene_4,81,2dnr,0.0001180081,39.280884,0.987465,769.996338,50.914951
scene_4,81,dataset_3dnr,0.0000487857,43.117076,0.994367,125.667976,44.913002
scene_4,81,ghost3dnr,0.0009203362,30.360535,0.962928,81.208435,184.903915
scene_4,82,noisy,0.0001185463,39.261119,0.987274,780.361267,50.818768
scene_4,82,2dnr,0.0001185022,39.262735,0.987284,778.564148,50.813545
scene_4,82,dataset_3dnr,0.0000495212,43.052085,0.994341,130.557724,45.009987
scene_4,82,ghost3dnr,0.0009106772,30.406355,0.958453,81.871254,173.565796
scene_4,83,noisy,0.0001182857,39.270677,0.987249,786.174194,51.738476
scene_4,83,2dnr,0.0001182410,39.272319,0.987258,784.435059,51.733410
scene_4,83,dataset_3dnr,0.0000483203,43.158707,0.994509,126.713516,45.672382
scene_4,83,ghost3dnr,0.0008996282,30.459370,0.959561,84.807373,166.367096
scene_4,84,noisy,0.0001182687,39.271300,0.987193,783.726257,51.304638
scene_4,84,2dnr,0.0001182237,39.272956,0.987202,781.926880,51.301479
scene_4,84,dataset_3dnr,0.0000500414,43.006702,0.994342,128.962906,45.644058
scene_4,84,ghost3dnr,0.0010149034,29.935753,0.956280,90.885925,170.738693
scene_4,85,noisy,0.0001197229,39.218228,0.987442,781.122437,50.790855
scene_4,85,2dnr,0.0001196793,39.219809,0.987453,779.369141,50.788013
scene_4,85,dataset_3dnr,0.0000553108,42.571897,0.994508,128.080399,46.355980
scene_4,85,ghost3dnr,0.0010784490,29.672004,0.952843,87.072388,176.496536
scene_4,86,noisy,0.0001218227,39.142717,0.987490,778.063477,49.763138
scene_4,86,2dnr,0.0001217799,39.144243,0.987498,776.323853,49.759235
scene_4,86,dataset_3dnr,0.0000649301,41.875541,0.994477,126.376419,47.185802
scene_4,86,ghost3dnr,0.0013284127,28.766670,0.946470,87.246193,214.315216
scene_4,87,noisy,0.0001230773,39.098221,0.987692,775.295410,49.634476
scene_4,87,2dnr,0.0001230345,39.099732,0.987702,773.547485,49.630386
scene_4,87,dataset_3dnr,0.0000718632,41.434936,0.994434,126.103828,48.147087
scene_4,87,ghost3dnr,0.0016936567,27.711746,0.936904,84.578880,220.339127
scene_4,88,noisy,0.0001272598,38.953088,0.987428,783.504944,50.623764
scene_4,88,2dnr,0.0001272180,38.954515,0.987435,781.749878,50.620159
scene_4,88,dataset_3dnr,0.0000771164,41.128535,0.994252,129.246567,50.026817
scene_4,88,ghost3dnr,0.0022515533,26.475178,0.923035,83.882545,252.090775
scene_4,89,noisy,0.0001276203,38.940802,0.987569,772.671265,51.811668
scene_4,89,2dnr,0.0001275791,38.942206,0.987577,770.935181,51.808922
scene_4,89,dataset_3dnr,0.0000770845,41.130331,0.994200,127.893280,51.151081
scene_4,89,ghost3dnr,0.0031284902,25.046652,0.908733,84.191689,272.662750
scene_4,90,noisy,0.0001284764,38.911766,0.987523,778.901245,52.148144
scene_4,90,2dnr,0.0001284359,38.913134,0.987530,777.177368,52.145813
scene_4,90,dataset_3dnr,0.0000780539,41.076054,0.994123,131.327927,52.295376
scene_4,90,ghost3dnr,0.0049229409,23.077754,0.899379,87.663246,350.431305
scene_4,91,noisy,0.0001299650,38.861737,0.987300,783.765015,52.521317
scene_4,91,2dnr,0.0001299229,38.863143,0.987305,781.984619,52.518539
scene_4,91,dataset_3dnr,0.0000762204,41.179289,0.993981,128.182434,52.015511
scene_4,91,ghost3dnr,0.0081413100,20.893057,0.889711,88.332039,428.885223
scene_4,92,noisy,0.0001296083,38.873672,0.987599,776.881226,52.909378
scene_4,92,2dnr,0.0001295678,38.875031,0.987606,775.119324,52.906483
scene_4,92,dataset_3dnr,0.0000755471,41.217825,0.994096,127.549614,52.368961
scene_4,92,ghost3dnr,0.0104419999,19.812163,0.884877,87.994209,451.212006
scene_4,93,noisy,0.0001299420,38.862503,0.987572,785.108093,53.100521
scene_4,93,2dnr,0.0001299013,38.863865,0.987578,783.360107,53.098671
scene_4,93,dataset_3dnr,0.0000708780,41.494888,0.994101,131.950760,51.417179
scene_4,93,ghost3dnr,0.0140288435,18.529781,0.882983,92.393097,507.120972
scene_4,94,noisy,0.0001291386,38.889441,0.987513,783.382935,52.542831
scene_4,94,2dnr,0.0001290968,38.890845,0.987521,781.604919,52.539532
scene_4,94,dataset_3dnr,0.0000653632,41.846666,0.994095,130.699203,49.766640
scene_4,94,ghost3dnr,0.0171639286,17.653833,0.885309,88.138885,544.708313
scene_4,95,noisy,0.0001298753,38.864734,0.987376,780.552795,52.563946
scene_4,95,2dnr,0.0001298344,38.866103,0.987384,778.799683,52.561436
scene_4,95,dataset_3dnr,0.0000640640,41.933860,0.994043,132.593918,49.124115
scene_4,95,ghost3dnr,0.0204773210,16.887269,0.890911,90.400452,552.059387
scene_4,96,noisy,0.0001299694,38.861587,0.987553,777.238220,52.609241
scene_4,96,2dnr,0.0001299291,38.862935,0.987560,775.506531,52.605995
scene_4,96,dataset_3dnr,0.0000623743,42.049946,0.994152,134.391846,48.660103
scene_4,96,ghost3dnr,0.0233077630,16.324994,0.897390,85.975075,542.169800
scene_4,97,noisy,0.0001304926,38.844142,0.987371,782.691223,53.648407
scene_4,97,2dnr,0.0001304510,38.845527,0.987380,780.959717,53.645870
scene_4,97,dataset_3dnr,0.0000618810,42.084429,0.994216,133.319595,49.298893
scene_4,97,ghost3dnr,0.0247671828,16.061234,0.899176,88.399651,528.217468
scene_4,98,noisy,0.0001286304,38.906564,0.987420,777.693848,54.837177
scene_4,98,2dnr,0.0001285894,38.907948,0.987428,775.899109,54.834335
scene_4,98,dataset_3dnr,0.0000601972,42.204240,0.994284,133.393738,50.472427
scene_4,98,ghost3dnr,0.0258457810,15.876103,0.901631,87.866371,524.014038
scene_4,99,noisy,0.0001281287,38.923537,0.987214,781.522766,55.717152
scene_4,99,2dnr,0.0001280875,38.924934,0.987220,779.758301,55.714733
scene_4,99,dataset_3dnr,0.0000585548,42.324378,0.994203,133.543793,50.748569
scene_4,99,ghost3dnr,0.0261414293,15.826707,0.901350,87.317421,545.940002
scene_4,100,noisy,0.0001266614,38.973556,0.987420,784.810181,55.310810
scene_4,100,2dnr,0.0001266207,38.974954,0.987425,783.083496,55.308678
scene_4,100,dataset_3dnr,0.0000562440,42.499237,0.994257,131.733627,50.177624
scene_4,100,ghost3dnr,0.0260616858,15.839975,0.899263,86.238800,598.344055
scene_4,101,noisy,0.0001241181,39.061648,0.987251,777.546509,54.611538
scene_4,101,2dnr,0.0001240769,39.063089,0.987258,775.818298,54.609547
scene_4,101,dataset_3dnr,0.0000544436,42.640530,0.994321,130.361481,49.475155
scene_4,101,ghost3dnr,0.0255877245,15.919683,0.899679,85.324272,627.688660
scene_4,102,noisy,0.0001126727,39.481815,0.988433,703.270691,52.124329
scene_4,102,2dnr,0.0001126289,39.483500,0.988441,701.389404,52.122284
scene_4,102,dataset_3dnr,0.0000506825,42.951418,0.994475,129.838058,47.552280
scene_4,102,ghost3dnr,0.0255636163,15.923777,0.901431,81.350441,652.023376
scene_4,103,noisy,0.0001208928,39.175997,0.987054,779.467651,54.998108
scene_4,103,2dnr,0.0001208521,39.177458,0.987061,777.716187,54.997009
scene_4,103,dataset_3dnr,0.0000498643,43.022101,0.994413,129.018036,49.124100
scene_4,103,ghost3dnr,0.0247152410,16.070351,0.907463,81.095764,647.145813
scene_4,104,noisy,0.0001205679,39.187683,0.986625,786.981750,55.224255
scene_4,104,2dnr,0.0001205266,39.189170,0.986634,785.248718,55.223412
scene_4,104,dataset_3dnr,0.0000470494,43.274457,0.994271,131.251907,48.641129
scene_4,104,ghost3dnr,0.0251644999,15.992117,0.910524,80.672295,701.910950
scene_4,105,noisy,0.0001170017,39.318076,0.986793,784.039368,54.933308
scene_4,105,2dnr,0.0001169595,39.319644,0.986800,782.270813,54.932461
scene_4,105,dataset_3dnr,0.0000438604,43.579276,0.994270,131.736298,47.332775
scene_4,105,ghost3dnr,0.0253447741,15.961116,0.915313,83.230019,763.483704
scene_4,106,noisy,0.0001158325,39.361696,0.986817,779.233826,58.405888
scene_4,106,2dnr,0.0001157916,39.363229,0.986823,777.487244,58.405148
scene_4,106,dataset_3dnr,0.0000431495,43.650241,0.994323,129.891678,50.885609
scene_4,106,ghost3dnr,0.0217522439,16.624959,0.927026,82.311836,369.778198
scene_4,107,noisy,0.0001152823,39.382374,0.987195,775.129883,52.795750
scene_4,107,2dnr,0.0001152402,39.383958,0.987203,773.311584,52.791061
scene_4,107,dataset_3dnr,0.0000445439,43.512115,0.994418,129.540970,46.788998
scene_4,107,ghost3dnr,0.0166602470,17.783186,0.937797,82.022034,126.417816
scene_4,108,noisy,0.0001153881,39.378388,0.987227,781.424805,48.859509
scene_4,108,2dnr,0.0001153440,39.380048,0.987233,779.662903,48.850761
scene_4,108,dataset_3dnr,0.0000446159,43.505104,0.994483,128.273468,42.226627
scene_4,108,ghost3dnr,0.0120061673,19.205956,0.943420,80.561386,121.088768
scene_4,109,noisy,0.0001135625,39.447651,0.987040,776.961975,46.364620
scene_4,109,2dnr,0.0001135180,39.449354,0.987048,775.205566,46.355682
scene_4,109,dataset_3dnr,0.0000439383,43.571567,0.994407,127.424522,40.013390
scene_4,109,ghost3dnr,0.0077628652,21.099780,0.949067,85.300064,119.530502
scene_4,110,noisy,0.0001121770,39.500962,0.987157,773.604736,44.844505
scene_4,110,2dnr,0.0001121306,39.502757,0.987166,771.831299,44.836193
scene_4,110,dataset_3dnr,0.0000426615,43.699639,0.994458,124.232773,37.999908
scene_4,110,ghost3dnr,0.0042529879,23.713059,0.954831,83.224533,113.474121
scene_4,111,noisy,0.0001107161,39.557891,0.986803,776.395752,41.996212
scene_4,111,2dnr,0.0001106703,39.559687,0.986812,774.639648,41.986862
scene_4,111,dataset_3dnr,0.0000434119,43.623917,0.994399,123.262093,35.776836
scene_4,111,ghost3dnr,0.0021454890,26.684737,0.952776,82.362419,138.600296
scene_4,112,noisy,0.0001109704,39.547928,0.986926,775.329041,42.279011
scene_4,112,2dnr,0.0001109243,39.549735,0.986935,773.583923,42.271420
scene_4,112,dataset_3dnr,0.0000435394,43.611180,0.994400,123.245476,35.184647
scene_4,112,ghost3dnr,0.0014730842,28.317724,0.945267,81.743645,169.590164
scene_4,113,noisy,0.0001115447,39.525511,0.986982,782.148682,42.806023
scene_4,113,2dnr,0.0001114987,39.527304,0.986991,780.371765,42.798164
scene_4,113,dataset_3dnr,0.0000444245,43.523773,0.994302,123.822815,35.926914
scene_4,113,ghost3dnr,0.0011249344,29.488728,0.940045,85.250877,187.305603
scene_4,114,noisy,0.0000949773,40.223800,0.989306,658.250488,40.747616
scene_4,114,2dnr,0.0000949261,40.226142,0.989317,656.277771,40.739876
scene_4,114,dataset_3dnr,0.0000433146,43.633656,0.994645,121.773643,36.002457
scene_4,114,ghost3dnr,0.0015265860,28.162787,0.928671,78.642105,204.281967
scene_4,115,noisy,0.0001139444,39.433069,0.987142,776.601562,43.990276
scene_4,115,2dnr,0.0001138992,39.434792,0.987150,774.827759,43.983868
scene_4,115,dataset_3dnr,0.0000473156,43.249957,0.994479,123.544624,37.167934
scene_4,115,ghost3dnr,0.0019316188,27.140786,0.918419,81.824287,219.481735
scene_4,116,noisy,0.0001142987,39.419587,0.987410,773.240662,43.538647
scene_4,116,2dnr,0.0001142538,39.421294,0.987419,771.465393,43.531769
scene_4,116,dataset_3dnr,0.0000477896,43.206666,0.994386,124.092972,36.560341
scene_4,116,ghost3dnr,0.0022020307,26.571766,0.907156,81.656601,217.215073
scene_4,117,noisy,0.0001146622,39.405796,0.986997,776.765320,43.496815
scene_4,117,2dnr,0.0001146171,39.407504,0.987005,774.998169,43.489384
scene_4,117,dataset_3dnr,0.0000488427,43.112007,0.994227,125.844406,37.089199
scene_4,117,ghost3dnr,0.0021515370,26.672512,0.902928,85.688232,207.264526
scene_4,118,noisy,0.0001170289,39.317069,0.987048,779.983276,44.202400
scene_4,118,2dnr,0.0001169838,39.318742,0.987055,778.247375,44.194843
scene_4,118,dataset_3dnr,0.0000504338,42.972782,0.993796,127.311279,37.961586
scene_4,118,ghost3dnr,0.0020419834,26.899478,0.898659,82.348053,192.278976
scene_4,119,noisy,0.0001164460,39.338752,0.986912,782.710999,43.111172
scene_4,119,2dnr,0.0001164030,39.340359,0.986922,781.008972,43.103058
scene_4,119,dataset_3dnr,0.0000504183,42.974120,0.993600,125.870750,36.848015
scene_4,119,ghost3dnr,0.0019388709,27.124511,0.897950,87.247253,183.733841
scene_4,120,noisy,0.0001177156,39.291660,0.987436,779.155457,42.262321
scene_4,120,2dnr,0.0001176725,39.293250,0.987445,777.395935,42.254810
scene_4,120,dataset_3dnr,0.0000505797,42.960240,0.994081,126.411621,35.441147
scene_4,120,ghost3dnr,0.0020131969,26.961137,0.890477,83.478592,179.894623
scene_4,121,noisy,0.0001205293,39.189073,0.987711,779.024536,44.953388
scene_4,121,2dnr,0.0001204866,39.190614,0.987718,777.278748,44.946548
scene_4,121,dataset_3dnr,0.0000544029,42.643776,0.994207,128.093353,38.716099
scene_4,121,ghost3dnr,0.0017802372,27.495221,0.893970,84.536095,176.203705
scene_4,122,noisy,0.0001219075,39.139695,0.987561,781.775757,45.491634
scene_4,122,2dnr,0.0001218668,39.141144,0.987569,780.044373,45.486286
scene_4,122,dataset_3dnr,0.0000547732,42.614319,0.994491,128.376175,39.312431
scene_4,122,ghost3dnr,0.0025647781,25.909502,0.887437,83.258804,222.783585
scene_4,123,noisy,0.0001196794,39.219806,0.987550,776.576233,44.593037
scene_4,123,2dnr,0.0001196381,39.221303,0.987558,774.805298,44.588078
scene_4,123,dataset_3dnr,0.0000520602,42.834939,0.994245,126.524345,38.331139
scene_4,123,ghost3dnr,0.0039762403,24.005274,0.875606,84.567520,265.596405
scene_4,124,noisy,0.0001031458,39.865485,0.989686,656.285522,43.778500
scene_4,124,2dnr,0.0001031019,39.867335,0.989693,654.304749,43.774551
scene_4,124,dataset_3dnr,0.0000530444,42.753607,0.994315,130.919098,40.124187
scene_4,124,ghost3dnr,0.0045459731,23.423731,0.874682,82.023552,268.510742
scene_4,125,noisy,0.0001208383,39.177953,0.987438,776.412720,50.116611
scene_4,125,2dnr,0.0001207985,39.179386,0.987447,774.623596,50.115059
scene_4,125,dataset_3dnr,0.0000501187,42.999998,0.994222,131.099838,43.406712
scene_4,125,ghost3dnr,0.0041807727,23.787434,0.879308,83.166145,278.332245
scene_4,126,noisy,0.0001207583,39.180831,0.987305,778.565430,51.464935
scene_4,126,2dnr,0.0001207189,39.182249,0.987314,776.851501,51.465023
scene_4,126,dataset_3dnr,0.0000497234,43.034393,0.994254,130.775894,45.560596
scene_4,126,ghost3dnr,0.0037409964,24.270127,0.884836,81.192772,252.870468
scene_4,127,noisy,0.0001206925,39.183197,0.987263,778.411560,51.996311
scene_4,127,2dnr,0.0001206526,39.184635,0.987271,776.671448,51.994907
scene_4,127,dataset_3dnr,0.0000494148,43.061426,0.994286,132.546799,45.939442
scene_4,127,ghost3dnr,0.0037225410,24.291605,0.895566,82.016525,240.855438
scene_4,128,noisy,0.0001209462,39.174077,0.987391,774.058716,51.204815
scene_4,128,2dnr,0.0001209063,39.175510,0.987396,772.294495,51.203342
scene_4,128,dataset_3dnr,0.0000520177,42.838491,0.994004,131.676758,46.023846
scene_4,128,ghost3dnr,0.0041770460,23.791307,0.903350,84.368149,239.609116
scene_4,129,noisy,0.0001215338,39.153029,0.987197,789.856262,50.153133
scene_4,129,2dnr,0.0001214938,39.154457,0.987205,788.143066,50.151749
scene_4,129,dataset_3dnr,0.0000511319,42.913084,0.994131,131.600357,44.928150
scene_4,129,ghost3dnr,0.0031117711,25.069924,0.914829,84.752373,214.406937
scene_4,130,noisy,0.0001209175,39.175109,0.987485,787.086243,49.055801
scene_4,130,2dnr,0.0001208754,39.176621,0.987493,785.348206,49.052986
scene_4,130,dataset_3dnr,0.0000509677,42.927052,0.994108,131.118866,43.405518
scene_4,130,ghost3dnr,0.0026674639,25.739015,0.922431,84.395393,186.310699
scene_4,131,noisy,0.0001199846,39.208745,0.987361,778.723572,48.140488
scene_4,131,2dnr,0.0001199433,39.210239,0.987368,776.948059,48.137394
scene_4,131,dataset_3dnr,0.0000526760,42.783870,0.994093,131.888947,42.790997
scene_4,131,ghost3dnr,0.0015460304,28.107820,0.936446,91.769188,164.371078
scene_4,132,noisy,0.0001196103,39.222316,0.987342,785.265259,47.783134
scene_4,132,2dnr,0.0001195681,39.223847,0.987348,783.517029,47.778847
scene_4,132,dataset_3dnr,0.0000509247,42.930718,0.994250,130.255905,42.172836
scene_4,132,ghost3dnr,0.0012046681,29.191326,0.945300,87.472908,159.138916
scene_4,133,noisy,0.0001199024,39.211723,0.987214,788.938843,48.122124
scene_4,133,2dnr,0.0001198606,39.213236,0.987222,787.228638,48.117100
scene_4,133,dataset_3dnr,0.0000511361,42.912725,0.994216,129.720978,42.899151
scene_4,133,ghost3dnr,0.0009026931,30.444599,0.949154,87.312637,147.630539
scene_4,134,noisy,0.0001178859,39.285380,0.987149,782.727539,47.162323
scene_4,134,2dnr,0.0001178411,39.287033,0.987156,780.961731,47.158535
scene_4,134,dataset_3dnr,0.0000507413,42.946385,0.994232,129.238190,42.011158
scene_4,134,ghost3dnr,0.0010014018,29.993916,0.952964,85.465126,157.073273
scene_4,135,noisy,0.0001181880,39.274268,0.987412,785.102356,46.606915
scene_4,135,2dnr,0.0001181444,39.275870,0.987421,783.378113,46.602314
scene_4,135,dataset_3dnr,0.0000523509,42.810755,0.994416,128.347275,41.604694
scene_4,135,ghost3dnr,0.0009540188,30.204431,0.951283,87.790733,154.292099
scene_4,136,noisy,0.0001172377,39.309327,0.987506,784.566589,45.762375
scene_4,136,2dnr,0.0001171935,39.310965,0.987515,782.835938,45.758934
scene_4,136,dataset_3dnr,0.0000529302,42.762962,0.994444,128.073044,40.719662
scene_4,136,ghost3dnr,0.0012283197,29.106886,0.940270,86.288628,178.388382
scene_4,137,noisy,0.0001169810,39.318847,0.987407,773.497253,45.408512
scene_4,137,2dnr,0.0001169379,39.320447,0.987414,771.729004,45.404419
scene_4,137,dataset_3dnr,0.0000521230,42.829708,0.994352,126.811600,40.316296
scene_4,137,ghost3dnr,0.0021338875,26.708285,0.924268,86.980499,222.807022
scene_4,138,noisy,0.0001016292,39.929815,0.989533,671.261475,42.735744
scene_4,138,2dnr,0.0001015834,39.931773,0.989541,669.284302,42.731350
scene_4,138,dataset_3dnr,0.0000501970,42.993225,0.994466,127.735687,39.380466
scene_4,138,ghost3dnr,0.0030246007,25.193320,0.912065,84.958260,267.337433
scene_4,139,noisy,0.0001180474,39.279437,0.987361,783.254028,46.256451
scene_4,139,2dnr,0.0001180059,39.280962,0.987368,781.515808,46.252274
scene_4,139,dataset_3dnr,0.0000531229,42.747180,0.994277,128.412155,41.221828
scene_4,139,ghost3dnr,0.0038216366,24.177506,0.899043,85.081161,281.797150
scene_4,140,noisy,0.0001192538,39.235276,0.987393,785.126099,47.235126
scene_4,140,2dnr,0.0001192128,39.236770,0.987400,783.362488,47.230843
scene_4,140,dataset_3dnr,0.0000551969,42.580850,0.994305,128.583145,42.776474
scene_4,140,ghost3dnr,0.0040925466,23.880064,0.893625,84.622108,285.502289
scene_4,141,noisy,0.0001034360,39.853281,0.989583,664.438965,45.088081
scene_4,141,2dnr,0.0001033913,39.855161,0.989591,662.538330,45.083908
scene_4,141,dataset_3dnr,0.0000546774,42.621924,0.994516,128.158356,42.559525
scene_4,141,ghost3dnr,0.0037324287,24.280085,0.891036,84.546204,270.117584
scene_4,142,noisy,0.0001189530,39.246247,0.987610,784.716797,46.597885
scene_4,142,2dnr,0.0001189104,39.247802,0.987617,782.976135,46.593254
scene_4,142,dataset_3dnr,0.0000576450,42.392383,0.994371,128.012772,42.661430
scene_4,142,ghost3dnr,0.0036179922,24.415324,0.895983,84.824928,260.650360
scene_4,143,noisy,0.0001190316,39.243377,0.987525,785.617432,45.120182
scene_4,143,2dnr,0.0001189891,39.244930,0.987533,783.854370,45.115101
scene_4,143,dataset_3dnr,0.0000605220,42.180868,0.994330,130.088089,41.289246
scene_4,143,ghost3dnr,0.0047729481,23.212133,0.903779,84.885017,291.701904
scene_4,144,noisy,0.0001174996,39.299637,0.987663,781.280457,43.703098
scene_4,144,2dnr,0.0001174552,39.301278,0.987671,779.513916,43.697308
scene_4,144,dataset_3dnr,0.0000561241,42.508510,0.994474,128.259155,38.957031
scene_4,144,ghost3dnr,0.0072279815,21.409830,0.904651,84.635841,339.987701
scene_4,145,noisy,0.0001164533,39.338483,0.987498,779.803955,42.908585
scene_4,145,2dnr,0.0001164100,39.340099,0.987507,778.074707,42.902252
scene_4,145,dataset_3dnr,0.0000546245,42.626129,0.994424,126.782501,38.134277
scene_4,145,ghost3dnr,0.0090187117,20.448555,0.898057,84.527161,314.098297
scene_4,146,noisy,0.0001097007,39.597905,0.988413,745.147827,41.942654
scene_4,146,2dnr,0.0001096536,39.599770,0.988420,743.299255,41.936749
scene_4,146,dataset_3dnr,0.0000521475,42.827663,0.994694,124.821472,37.542942
scene_4,146,ghost3dnr,0.0102955271,19.873514,0.895431,83.408089,295.433167
scene_4,147,noisy,0.0001136750,39.443349,0.987508,783.186584,43.276825
scene_4,147,2dnr,0.0001136268,39.445192,0.987516,781.451233,43.269154
scene_4,147,dataset_3dnr,0.0000528757,42.767435,0.994673,126.482857,38.461639
scene_4,147,ghost3dnr,0.0106217759,19.738029,0.882355,89.727440,276.919128
scene_4,148,noisy,0.0001112368,39.537516,0.987534,780.050842,43.646210
scene_4,148,2dnr,0.0001111883,39.539409,0.987544,778.345947,43.637981
scene_4,148,dataset_3dnr,0.0000499518,43.014489,0.994791,124.779434,38.943672
scene_4,148,ghost3dnr,0.0094534354,20.244103,0.878318,87.467567,280.735321
scene_4,149,noisy,0.0001105761,39.563386,0.987353,780.336182,44.286636
scene_4,149,2dnr,0.0001105256,39.565370,0.987363,778.570740,44.280029
scene_4,149,dataset_3dnr,0.0000471015,43.269655,0.994670,124.029411,39.059273
scene_4,149,ghost3dnr,0.0082209082,20.850802,0.876177,89.716934,260.109924
scene_4,150,noisy,0.0001108154,39.554000,0.987257,788.244873,44.410458
scene_4,150,2dnr,0.0001107652,39.555966,0.987266,786.506653,44.405579
scene_4,150,dataset_3dnr,0.0000454071,43.428766,0.994807,122.671608,38.836483
scene_4,150,ghost3dnr,0.0058805458,22.305824,0.884994,88.530357,233.640854
scene_4,151,noisy,0.0001096131,39.601375,0.987551,778.476135,43.811581
scene_4,151,2dnr,0.0001095608,39.603447,0.987558,776.727539,43.805798
scene_4,151,dataset_3dnr,0.0000449824,43.469573,0.994929,121.509491,38.506126
scene_4,151,ghost3dnr,0.0046940502,23.284523,0.892881,90.139214,217.529510
scene_4,152,noisy,0.0001098626,39.591501,0.987459,771.604553,44.474140
scene_4,152,2dnr,0.0001098110,39.593543,0.987469,769.834717,44.467995
scene_4,152,dataset_3dnr,0.0000451612,43.452346,0.995101,122.281685,39.434910
scene_4,152,ghost3dnr,0.0036282784,24.402994,0.904826,87.795898,217.893738
scene_4,153,noisy,0.0001108694,39.551882,0.987576,778.337036,44.301373
scene_4,153,2dnr,0.0001108199,39.553824,0.987586,776.571716,44.295254
scene_4,153,dataset_3dnr,0.0000468167,43.295993,0.995131,122.976273,39.781898
scene_4,153,ghost3dnr,0.0036990028,24.319153,0.904869,86.754448,240.667923
scene_4,154,noisy,0.0001107338,39.557197,0.987317,780.214539,43.928963
scene_4,154,2dnr,0.0001106848,39.559120,0.987325,778.459473,43.923809
scene_4,154,dataset_3dnr,0.0000460615,43.366615,0.994931,123.490227,38.657581
scene_4,154,ghost3dnr,0.0041779145,23.790405,0.898290,89.999840,277.886353
scene_4,155,noisy,0.0001132208,39.460737,0.987154,787.842224,45.340099
scene_4,155,2dnr,0.0001131734,39.462558,0.987164,786.129028,45.335155
scene_4,155,dataset_3dnr,0.0000471012,43.269678,0.994911,123.122688,40.384331
scene_4,155,ghost3dnr,0.0045713456,23.399559,0.890581,91.134201,266.557129
scene_4,156,noisy,0.0001132208,39.460739,0.987540,783.240051,45.981518
scene_4,156,2dnr,0.0001131741,39.462528,0.987548,781.491882,45.977787
scene_4,156,dataset_3dnr,0.0000495656,43.048195,0.994837,122.105873,41.313137
scene_4,156,ghost3dnr,0.0047547235,23.228747,0.883942,91.641129,278.390198
scene_4,157,noisy,0.0001159884,39.355854,0.987188,790.433655,46.704338
scene_4,157,2dnr,0.0001159436,39.357532,0.987195,788.704285,46.700089
scene_4,157,dataset_3dnr,0.0000529929,42.757820,0.994801,125.486961,42.038769
scene_4,157,ghost3dnr,0.0050931931,22.930099,0.876266,89.397614,266.395142
scene_4,158,noisy,0.0001152177,39.384807,0.987601,774.073853,46.815556
scene_4,158,2dnr,0.0001151731,39.386489,0.987609,772.334290,46.810364
scene_4,158,dataset_3dnr,0.0000544701,42.638419,0.994834,124.085747,42.862686
scene_4,158,ghost3dnr,0.0047584688,23.225328,0.872246,87.679657,257.073425
scene_4,159,noisy,0.0001166800,39.330036,0.987566,783.945312,47.458508
scene_4,159,2dnr,0.0001166349,39.331714,0.987574,782.157410,47.454166
scene_4,159,dataset_3dnr,0.0000598872,42.226660,0.994694,125.782829,44.389179
scene_4,159,ghost3dnr,0.0058724717,22.311791,0.865666,91.093575,297.417603
scene_4,160,noisy,0.0001171023,39.314346,0.987531,779.491943,47.374836
scene_4,160,2dnr,0.0001170576,39.316003,0.987542,777.747681,47.370422
scene_4,160,dataset_3dnr,0.0000618215,42.088603,0.994700,124.832382,44.523693
scene_4,160,ghost3dnr,0.0068856422,21.620555,0.862495,89.197861,338.979279
scene_4,161,noisy,0.0001176233,39.295066,0.987602,785.907410,46.928677
scene_4,161,2dnr,0.0001175794,39.296688,0.987609,784.152832,46.924389
scene_4,161,dataset_3dnr,0.0000602289,42.201949,0.994707,125.538498,43.631718
scene_4,161,ghost3dnr,0.0079989843,20.969652,0.863283,86.266106,358.297516
scene_4,162,noisy,0.0001167231,39.328431,0.987667,785.967712,46.016876
scene_4,162,2dnr,0.0001166795,39.330056,0.987673,784.190125,46.012444
scene_4,162,dataset_3dnr,0.0000566983,42.464302,0.994552,127.752113,41.599323
scene_4,162,ghost3dnr,0.0095844893,20.184310,0.873944,87.354301,378.661072
scene_4,163,noisy,0.0001172809,39.307727,0.987563,790.852844,45.065128
scene_4,163,2dnr,0.0001172375,39.309334,0.987570,789.110779,45.059872
scene_4,163,dataset_3dnr,0.0000535268,42.714288,0.994620,128.846954,40.396702
scene_4,163,ghost3dnr,0.0109787304,19.594479,0.874951,86.894600,385.040070
scene_4,164,noisy,0.0001159140,39.358641,0.987712,770.906311,44.534161
scene_4,164,2dnr,0.0001158708,39.360260,0.987719,769.182983,44.528236
scene_4,164,dataset_3dnr,0.0000501275,42.999243,0.994714,125.056206,39.111889
scene_4,164,ghost3dnr,0.0123274429,19.091270,0.880531,85.742004,369.984924
scene_4,165,noisy,0.0001158271,39.361898,0.987568,777.188599,44.770752
scene_4,165,2dnr,0.0001157821,39.363587,0.987578,775.406982,44.765385
scene_4,165,dataset_3dnr,0.0000495675,43.048026,0.994855,126.100014,39.700394
scene_4,165,ghost3dnr,0.0140143866,18.534259,0.880209,84.709000,401.212250
scene_4,166,noisy,0.0001158560,39.360815,0.987384,779.329102,45.986118
scene_4,166,2dnr,0.0001158104,39.362523,0.987393,777.499146,45.980877
scene_4,166,dataset_3dnr,0.0000509007,42.932765,0.994725,126.585403,41.304382
scene_4,166,ghost3dnr,0.0147150885,18.322371,0.883360,84.641068,388.858490
scene_4,167,noisy,0.0001144966,39.412076,0.987591,772.223328,47.309792
scene_4,167,2dnr,0.0001144518,39.413773,0.987596,770.472839,47.304295
scene_4,167,dataset_3dnr,0.0000510457,42.920405,0.994727,123.696815,42.798660
scene_4,167,ghost3dnr,0.0139382994,18.557902,0.885249,84.296722,343.758301
scene_4,168,noisy,0.0001149465,39.395044,0.987614,774.568298,48.321461
scene_4,168,2dnr,0.0001149000,39.396799,0.987620,772.832886,48.318192
scene_4,168,dataset_3dnr,0.0000499113,43.018013,0.994741,124.287308,43.626537
scene_4,168,ghost3dnr,0.0125972740,18.997234,0.885739,85.820297,322.431824
scene_4,169,noisy,0.0001142480,39.421514,0.987604,765.681519,47.854862
scene_4,169,2dnr,0.0001142045,39.423168,0.987611,763.890869,47.851757
scene_4,169,dataset_3dnr,0.0000487506,43.120201,0.994823,122.522102,43.017967
scene_4,169,ghost3dnr,0.0109493537,19.606115,0.889132,84.819916,302.335480
scene_4,170,noisy,0.0001140423,39.429339,0.987385,774.148438,47.546463
scene_4,170,2dnr,0.0001139978,39.431037,0.987395,772.387573,47.542912
scene_4,170,dataset_3dnr,0.0000465927,43.316820,0.994700,124.682182,42.087601
scene_4,170,ghost3dnr,0.0093262568,20.302926,0.889880,85.768776,279.595184
scene_4,171,noisy,0.0001145712,39.409247,0.987526,774.255371,47.035660
scene_4,171,2dnr,0.0001145271,39.410918,0.987532,772.510254,47.031044
scene_4,171,dataset_3dnr,0.0000462237,43.351349,0.994656,123.514580,41.482990
scene_4,171,ghost3dnr,0.0074161189,21.298233,0.894840,84.018036,247.266602
scene_4,172,noisy,0.0001137407,39.440841,0.987548,760.648254,45.588409
scene_4,172,2dnr,0.0001136970,39.442510,0.987557,758.841064,45.583405
scene_4,172,dataset_3dnr,0.0000453643,43.432856,0.994689,123.814079,39.660271
scene_4,172,ghost3dnr,0.0051368531,22.893029,0.900177,85.260513,208.177597
scene_4,173,noisy,0.0001128633,39.474474,0.987060,770.258972,47.502968
scene_4,173,2dnr,0.0001128192,39.476169,0.987067,768.515259,47.498550
scene_4,173,dataset_3dnr,0.0000436657,43.598593,0.994644,124.139229,41.528877
scene_4,173,ghost3dnr,0.0035587887,24.486978,0.905825,84.863724,216.524124
scene_4,174,noisy,0.0001147294,39.403252,0.987070,776.165100,50.583103
scene_4,174,2dnr,0.0001146866,39.404874,0.987077,774.404663,50.580276
scene_4,174,dataset_3dnr,0.0000444308,43.523163,0.994712,123.445290,45.395794
scene_4,174,ghost3dnr,0.0022770155,26.426340,0.912712,82.065918,229.441040
scene_4,175,noisy,0.0000992022,40.034786,0.989222,650.793396,49.093769
scene_4,175,2dnr,0.0000991542,40.036890,0.989232,648.811951,49.091049
scene_4,175,dataset_3dnr,0.0000434777,43.617336,0.994829,122.249184,46.057140
scene_4,175,ghost3dnr,0.0020209944,26.944349,0.921422,80.968315,242.338287
scene_4,176,noisy,0.0001134139,39.453337,0.987105,774.122559,55.523678
scene_4,176,2dnr,0.0001133701,39.455013,0.987114,772.345276,55.523113
scene_4,176,dataset_3dnr,0.0000436570,43.599463,0.994751,123.849609,50.949116
scene_4,176,ghost3dnr,0.0018243482,27.388923,0.929346,80.234276,203.129211
scene_4,177,noisy,0.0001128086,39.476578,0.987277,776.074524,57.779308
scene_4,177,2dnr,0.0001127659,39.478223,0.987287,774.315735,57.778831
scene_4,177,dataset_3dnr,0.0000446158,43.505114,0.994833,127.352211,53.022263
scene_4,177,ghost3dnr,0.0015435936,28.114670,0.934647,83.232262,154.845535
scene_4,178,noisy,0.0001137382,39.440937,0.986843,769.985352,58.144981
scene_4,178,2dnr,0.0001136946,39.442603,0.986851,768.202026,58.145554
scene_4,178,dataset_3dnr,0.0000448819,43.479283,0.994658,124.609573,54.312431
scene_4,178,ghost3dnr,0.0014889581,28.271175,0.940782,89.380096,146.412125
scene_4,179,noisy,0.0000990403,40.041879,0.989207,648.162964,54.488941
scene_4,179,2dnr,0.0000989922,40.043992,0.989216,646.141907,54.488270
scene_4,179,dataset_3dnr,0.0000458994,43.381933,0.994788,124.332161,53.493000
scene_4,179,ghost3dnr,0.0012676415,28.970035,0.945550,84.872826,138.937714
scene_4,180,noisy,0.0001133165,39.457068,0.987144,763.484192,57.485561
scene_4,180,2dnr,0.0001132727,39.458748,0.987152,761.730225,57.484829
scene_4,180,dataset_3dnr,0.0000481631,43.172858,0.994549,125.302895,54.717918
scene_4,180,ghost3dnr,0.0011896989,29.245629,0.952970,89.502716,134.993271
scene_4,181,noisy,0.0001097704,39.595148,0.987440,746.966309,56.317539
scene_4,181,2dnr,0.0001097256,39.596921,0.987447,745.133606,56.317528
scene_4,181,dataset_3dnr,0.0000481638,43.172790,0.994609,126.583221,53.935596
scene_4,181,ghost3dnr,0.0010649110,29.726867,0.959211,85.302719,141.197021
scene_4,182,noisy,0.0001132693,39.458876,0.987061,770.486938,57.145573
scene_4,182,2dnr,0.0001132249,39.460580,0.987072,768.714111,57.144520
scene_4,182,dataset_3dnr,0.0000488256,43.113522,0.994718,123.403313,54.606617
scene_4,182,ghost3dnr,0.0010676353,29.715771,0.962688,90.384850,158.064392
scene_4,183,noisy,0.0001132646,39.459056,0.987057,770.004333,56.880913
scene_4,183,2dnr,0.0001132206,39.460744,0.987064,768.186707,56.879925
scene_4,183,dataset_3dnr,0.0000487258,43.122411,0.994482,124.991821,53.481514
scene_4,183,ghost3dnr,0.0010546484,29.768923,0.966196,93.074768,167.590958
scene_4,184,noisy,0.0000989571,40.045531,0.989008,655.371094,53.510834
scene_4,184,2dnr,0.0000989088,40.047651,0.989017,653.346497,53.510746
scene_4,184,dataset_3dnr,0.0000427025,43.695467,0.994793,123.166420,51.582199
scene_4,184,ghost3dnr,0.0009625216,30.165895,0.969610,89.859589,166.700134
scene_4,185,noisy,0.0001132233,39.460640,0.987043,766.665527,57.643501
scene_4,185,2dnr,0.0001131797,39.462315,0.987049,764.874939,57.642826
scene_4,185,dataset_3dnr,0.0000433731,43.627794,0.994672,123.173035,52.961117
scene_4,185,ghost3dnr,0.0009819390,30.079155,0.969983,85.969215,168.727158
scene_4,186,noisy,0.0001129489,39.471180,0.987233,771.425232,57.369267
scene_4,186,2dnr,0.0001129052,39.472860,0.987240,769.665466,57.367970
scene_4,186,dataset_3dnr,0.0000451217,43.456144,0.994640,125.564049,53.597355
scene_4,186,ghost3dnr,0.0011901874,29.243846,0.969720,93.737892,179.620590
scene_4,187,noisy,0.0001133525,39.455688,0.987167,764.419067,57.576889
scene_4,187,2dnr,0.0001133088,39.457364,0.987175,762.700684,57.577648
scene_4,187,dataset_3dnr,0.0000438220,43.583076,0.994745,122.050034,52.152733
scene_4,187,ghost3dnr,0.0014064442,28.518775,0.967447,90.813469,192.083862
scene_4,188,noisy,0.0001136669,39.443658,0.987020,777.595032,57.568161
scene_4,188,2dnr,0.0001136222,39.445368,0.987029,775.781860,57.568489
scene_4,188,dataset_3dnr,0.0000450521,43.462853,0.994736,128.151566,53.304581
scene_4,188,ghost3dnr,0.0015064534,28.220443,0.965482,92.829742,178.498352
scene_4,189,noisy,0.0001128583,39.474663,0.987142,767.003479,58.453156
scene_4,189,2dnr,0.0001128142,39.476361,0.987151,765.197327,58.452496
scene_4,189,dataset_3dnr,0.0000467435,43.302783,0.994640,122.988480,55.015865
scene_4,189,ghost3dnr,0.0014201358,28.476701,0.964560,86.028969,179.726135
scene_4,190,noisy,0.0001144401,39.414217,0.986983,778.958435,58.632870
scene_4,190,2dnr,0.0001143957,39.415904,0.986990,777.176453,58.633053
scene_4,190,dataset_3dnr,0.0000457701,43.394179,0.994596,125.654533,54.531605
scene_4,190,ghost3dnr,0.0013310252,28.758137,0.963427,88.343880,162.578369
scene_4,191,noisy,0.0001136664,39.443677,0.987072,769.541748,58.310616
scene_4,191,2dnr,0.0001136214,39.445399,0.987082,767.750854,58.310081
scene_4,191,dataset_3dnr,0.0000452406,43.444720,0.994649,125.174850,53.106812
scene_4,191,ghost3dnr,0.0013037120,28.848183,0.961830,88.057365,172.417053
scene_4,192,noisy,0.0001129657,39.470536,0.987268,772.844482,58.447250
scene_4,192,2dnr,0.0001129207,39.472263,0.987275,771.117554,58.446255
scene_4,192,dataset_3dnr,0.0000442743,43.538483,0.994713,123.333328,53.403908
scene_4,192,ghost3dnr,0.0013665516,28.643740,0.962143,85.676765,183.129288
scene_4,193,noisy,0.0001138467,39.436796,0.986948,772.251953,58.835648
scene_4,193,2dnr,0.0001138019,39.438507,0.986957,770.470398,58.834625
scene_4,193,dataset_3dnr,0.0000439589,43.569530,0.994704,127.017853,53.293224
scene_4,193,ghost3dnr,0.0014007702,28.536331,0.963313,83.340103,185.938919
scene_4,194,noisy,0.0001149471,39.395018,0.987062,774.111389,58.973835
scene_4,194,2dnr,0.0001149022,39.396715,0.987071,772.327942,58.972881
scene_4,194,dataset_3dnr,0.0000453303,43.436114,0.994535,126.526123,54.522732
scene_4,194,ghost3dnr,0.0015903775,27.984998,0.965225,83.038063,202.165726
scene_4,195,noisy,0.0001140179,39.430271,0.986895,778.535950,58.799717
scene_4,195,2dnr,0.0001139731,39.431975,0.986903,776.796387,58.799320
scene_4,195,dataset_3dnr,0.0000429825,43.667088,0.994640,125.706070,52.725349
scene_4,195,ghost3dnr,0.0017421205,27.589218,0.966715,84.707794,200.727814
scene_4,196,noisy,0.0001150670,39.390491,0.986966,772.498718,59.104202
scene_4,196,2dnr,0.0001150234,39.392137,0.986975,770.775513,59.104176
scene_4,196,dataset_3dnr,0.0000453499,43.434234,0.994441,125.743881,54.586681
scene_4,196,ghost3dnr,0.0018065195,27.431574,0.967434,92.849525,194.837265
scene_4,197,noisy,0.0001139839,39.431564,0.987137,769.998901,59.203014
scene_4,197,2dnr,0.0001139383,39.433302,0.987146,768.196045,59.201515
scene_4,197,dataset_3dnr,0.0000437832,43.586924,0.994685,126.373627,53.956768
scene_4,197,ghost3dnr,0.0017575275,27.550979,0.968412,88.681129,175.341019
scene_4,198,noisy,0.0001144864,39.412461,0.986868,774.781616,59.568832
scene_4,198,2dnr,0.0001144416,39.414162,0.986877,773.009277,59.568184
scene_4,198,dataset_3dnr,0.0000430715,43.658099,0.994703,126.675781,54.059586
scene_4,198,ghost3dnr,0.0018467194,27.335991,0.968940,87.873802,184.415207
scene_4,199,noisy,0.0001141001,39.427141,0.987053,775.860291,60.194569
scene_4,199,2dnr,0.0001140570,39.428779,0.987062,774.107849,60.193508
scene_4,199,dataset_3dnr,0.0000435334,43.611772,0.994676,125.134567,54.793713
scene_4,199,ghost3dnr,0.0017446824,27.582836,0.970511,87.002777,172.744781
scene_4,200,noisy,0.0001143811,39.416459,0.987056,778.071045,61.092495
scene_4,200,2dnr,0.0001143370,39.418130,0.987066,776.261414,61.091599
scene_4,200,dataset_3dnr,0.0000439549,43.569930,0.994615,125.450768,55.424435
scene_4,200,ghost3dnr,0.0017240936,27.634392,0.971070,93.997536,171.539505
scene_4,201,noisy,0.0001135981,39.446288,0.987150,785.795349,61.279331
scene_4,201,2dnr,0.0001135540,39.447976,0.987158,784.019958,61.278679
scene_4,201,dataset_3dnr,0.0000431043,43.654796,0.994656,126.195000,55.106396
scene_4,201,ghost3dnr,0.0015781255,28.018585,0.973609,96.607071,162.543442
scene_4,202,noisy,0.0001155786,39.371226,0.986608,791.279236,62.970669
scene_4,202,2dnr,0.0001155354,39.372851,0.986615,789.534668,62.970779
scene_4,202,dataset_3dnr,0.0000419638,43.771249,0.994567,124.999207,55.637341
scene_4,202,ghost3dnr,0.0013022717,28.852984,0.975220,93.594856,138.490479
scene_4,203,noisy,0.0001139566,39.432606,0.986760,783.889465,63.668182
scene_4,203,2dnr,0.0001139132,39.434259,0.986768,782.152344,63.668301
scene_4,203,dataset_3dnr,0.0000412376,43.847068,0.994544,125.424156,55.633907
scene_4,203,ghost3dnr,0.0011946604,29.227555,0.977266,94.247017,138.534103
scene_4,204,noisy,0.0001141357,39.425784,0.986725,785.564453,64.517105
scene_4,204,2dnr,0.0001140914,39.427470,0.986734,783.801941,64.516975
scene_4,204,dataset_3dnr,0.0000405945,43.915327,0.994642,125.355354,56.256618
scene_4,204,ghost3dnr,0.0008689635,30.609985,0.980899,92.910225,106.044640
scene_4,205,noisy,0.0001140492,39.429079,0.986763,777.861938,64.518211
scene_4,205,2dnr,0.0001140056,39.430739,0.986772,776.079224,64.518967
scene_4,205,dataset_3dnr,0.0000407128,43.902694,0.994632,125.478912,56.695179
scene_4,205,ghost3dnr,0.0006580961,31.817107,0.984420,93.412071,93.962326
scene_4,206,noisy,0.0001080237,39.664811,0.987661,731.731628,62.471283
scene_4,206,2dnr,0.0001079774,39.666673,0.987668,729.872498,62.470196
scene_4,206,dataset_3dnr,0.0000400689,43.971922,0.994699,125.058472,55.616066
scene_4,206,ghost3dnr,0.0004464600,33.502174,0.987254,89.390793,88.374916
scene_4,207,noisy,0.0001136955,39.442569,0.986910,782.039795,64.444420
scene_4,207,2dnr,0.0001136503,39.444294,0.986917,780.260620,64.444221
scene_4,207,dataset_3dnr,0.0000401354,43.964727,0.994654,126.318146,56.106125
scene_4,207,ghost3dnr,0.0002900254,35.375639,0.989027,91.903778,86.329170
scene_4,208,noisy,0.0001117088,39.519126,0.987019,765.544250,63.366848
scene_4,208,2dnr,0.0001116635,39.520887,0.987027,763.750305,63.365582
scene_4,208,dataset_3dnr,0.0000403156,43.945270,0.994639,124.874329,56.096386
scene_4,208,ghost3dnr,0.0001888392,37.239079,0.991612,88.703346,84.764229
scene_4,209,noisy,0.0001142357,39.421983,0.986784,785.292297,64.711487
scene_4,209,2dnr,0.0001141919,39.423648,0.986792,783.516479,64.710167
scene_4,209,dataset_3dnr,0.0000404545,43.930336,0.994716,124.920021,56.424934
scene_4,209,ghost3dnr,0.0001181422,39.275950,0.993648,90.282967,84.412994
scene_4,210,noisy,0.0001151316,39.388056,0.986905,786.111755,64.853539
scene_4,210,2dnr,0.0001150876,39.389715,0.986913,784.353210,64.853401
scene_4,210,dataset_3dnr,0.0000404133,43.934754,0.994756,126.055031,56.409012
scene_4,210,ghost3dnr,0.0000853428,40.688333,0.994408,86.547478,84.935104
scene_4,211,noisy,0.0001135839,39.446832,0.987067,786.013733,64.382584
scene_4,211,2dnr,0.0001135394,39.448535,0.987073,784.265076,64.382248
scene_4,211,dataset_3dnr,0.0000402945,43.947538,0.994784,125.619576,56.379200
scene_4,211,ghost3dnr,0.0000581794,42.352309,0.995687,86.391342,84.133095
scene_4,212,noisy,0.0001137123,39.441925,0.986944,777.921753,64.512581
scene_4,212,2dnr,0.0001136690,39.443580,0.986952,776.179443,64.512032
scene_4,212,dataset_3dnr,0.0000402667,43.950535,0.994706,124.148697,56.212536
scene_4,212,ghost3dnr,0.0000518926,42.848944,0.996070,84.348000,80.773674
scene_4,213,noisy,0.0001145555,39.409840,0.986826,783.528809,64.703026
scene_4,213,2dnr,0.0001145110,39.411530,0.986832,781.775574,64.702682
scene_4,213,dataset_3dnr,0.0000415728,43.811902,0.994597,124.253670,56.970238
scene_4,213,ghost3dnr,0.0000516948,42.865535,0.996103,84.629845,81.811897
scene_4,214,noisy,0.0001147533,39.402350,0.986763,787.979492,64.532234
scene_4,214,2dnr,0.0001147092,39.404016,0.986775,786.236450,64.531212
scene_4,214,dataset_3dnr,0.0000426715,43.698622,0.994546,129.279663,58.413345
scene_4,214,ghost3dnr,0.0000533577,42.728028,0.996008,89.179451,83.244911
scene_4,215,noisy,0.0001133692,39.455048,0.986978,774.510254,64.346382
scene_4,215,2dnr,0.0001133250,39.456742,0.986987,772.739136,64.345993
scene_4,215,dataset_3dnr,0.0000408547,43.887577,0.994555,125.228951,55.919525
scene_4,215,ghost3dnr,0.0000508587,42.936347,0.996098,86.716003,79.393692
scene_4,216,noisy,0.0001133366,39.456297,0.986863,771.494812,62.832088
scene_4,216,2dnr,0.0001132927,39.457981,0.986869,769.721436,62.831749
scene_4,216,dataset_3dnr,0.0000416058,43.808457,0.994689,126.565338,56.656494
scene_4,216,ghost3dnr,0.0000546278,42.625866,0.996019,89.411331,83.747299
scene_4,217,noisy,0.0001135334,39.448763,0.987263,771.157776,64.386574
scene_4,217,2dnr,0.0001134895,39.450443,0.987272,769.386597,64.386658
scene_4,217,dataset_3dnr,0.0000404310,43.932856,0.994614,125.755814,55.913971
scene_4,217,ghost3dnr,0.0000518612,42.851571,0.996009,84.988258,80.759224
scene_4,218,noisy,0.0001135880,39.446675,0.986889,778.845093,64.184700
scene_4,218,2dnr,0.0001135442,39.448349,0.986896,777.054749,64.185486
scene_4,218,dataset_3dnr,0.0000401878,43.959055,0.994751,125.985939,55.820175
scene_4,218,ghost3dnr,0.0000540962,42.668335,0.996045,89.797722,82.702950
scene_4,219,noisy,0.0001131334,39.464090,0.986978,770.769226,63.338573
scene_4,219,2dnr,0.0001130902,39.465752,0.986985,769.013977,63.339241
scene_4,219,dataset_3dnr,0.0000403097,43.945904,0.994815,124.188293,55.426624
scene_4,219,ghost3dnr,0.0000572894,42.419259,0.995776,86.020271,84.919601
scene_4,220,noisy,0.0001131816,39.462243,0.987086,767.834717,62.928692
scene_4,220,2dnr,0.0001131369,39.463959,0.987096,766.021484,62.929131
scene_4,220,dataset_3dnr,0.0000400702,43.971782,0.994808,120.779823,54.645947
scene_4,220,ghost3dnr,0.0000588111,42.305409,0.995662,84.779480,86.513855
scene_4,221,noisy,0.0001131601,39.463069,0.987167,775.363708,61.926846
scene_4,221,2dnr,0.0001131154,39.464784,0.987175,773.577637,61.925636
scene_4,221,dataset_3dnr,0.0000402015,43.957575,0.994854,123.641632,54.172764
scene_4,221,ghost3dnr,0.0001205066,39.189892,0.994982,82.884056,91.177856
scene_4,222,noisy,0.0001138252,39.437616,0.987015,769.182251,61.458530
scene_4,222,2dnr,0.0001137822,39.439258,0.987021,767.378845,61.459518
scene_4,222,dataset_3dnr,0.0000405988,43.914868,0.994747,125.112488,53.897011
scene_4,222,ghost3dnr,0.0001984373,37.023767,0.993181,84.467773,94.868370
scene_4,223,noisy,0.0001128664,39.474352,0.986999,770.447754,60.455517
scene_4,223,2dnr,0.0001128214,39.476084,0.987008,768.648804,60.453346
scene_4,223,dataset_3dnr,0.0000409363,43.878919,0.994798,123.347160,53.609386
scene_4,223,ghost3dnr,0.0003563054,34.481776,0.990439,81.243858,109.433220
scene_4,224,noisy,0.0001133200,39.456933,0.987088,767.235107,60.468361
scene_4,224,2dnr,0.0001132758,39.458630,0.987098,765.475830,60.468960
scene_4,224,dataset_3dnr,0.0000407237,43.901529,0.994653,123.047661,53.110828
scene_4,224,ghost3dnr,0.0004411697,33.553943,0.989041,83.823624,113.281097
scene_4,225,noisy,0.0001138795,39.435545,0.987188,773.396851,60.537086
scene_4,225,2dnr,0.0001138347,39.437252,0.987194,771.605591,60.536945
scene_4,225,dataset_3dnr,0.0000411704,43.854145,0.994693,123.922272,53.629028
scene_4,225,ghost3dnr,0.0006058243,32.176533,0.986903,83.269348,123.913948
scene_4,226,noisy,0.0001138187,39.437864,0.987010,774.252625,61.327648
scene_4,226,2dnr,0.0001137746,39.439546,0.987019,772.489258,61.326969
scene_4,226,dataset_3dnr,0.0000413855,43.831521,0.994757,125.897606,54.399529
scene_4,226,ghost3dnr,0.0006915085,31.602025,0.985388,82.036911,121.969917
scene_4,227,noisy,0.0001075769,39.682808,0.988055,716.092407,59.282791
scene_4,227,2dnr,0.0001075319,39.684629,0.988064,714.245239,59.281948
scene_4,227,dataset_3dnr,0.0000407465,43.899100,0.994816,122.210922,52.837524
scene_4,227,ghost3dnr,0.0007580140,31.203228,0.982842,81.124199,125.750854
scene_4,228,noisy,0.0001142263,39.422337,0.987028,777.559448,60.206562
scene_4,228,2dnr,0.0001141835,39.423968,0.987037,775.811768,60.206879
scene_4,228,dataset_3dnr,0.0000412795,43.842654,0.994718,124.273544,52.927677
scene_4,228,ghost3dnr,0.0007951356,30.995588,0.981891,84.267494,129.791122
scene_4,229,noisy,0.0000992492,40.032729,0.989010,659.341858,57.006748
scene_4,229,2dnr,0.0000992021,40.034793,0.989019,657.366089,57.005455
scene_4,229,dataset_3dnr,0.0000402712,43.950056,0.994765,124.749344,52.841892
scene_4,229,ghost3dnr,0.0007975398,30.982476,0.980260,83.903641,122.162582
scene_4,230,noisy,0.0001142636,39.420920,0.986945,773.331604,59.749851
scene_4,230,2dnr,0.0001142196,39.422595,0.986953,771.570129,59.748825
scene_4,230,dataset_3dnr,0.0000415174,43.817696,0.994619,123.763237,53.040394
scene_4,230,ghost3dnr,0.0008556985,30.676792,0.980047,84.421814,124.548859
scene_4,231,noisy,0.0001145524,39.409958,0.987068,767.580994,59.906696
scene_4,231,2dnr,0.0001145086,39.411617,0.987077,765.777710,59.906197
scene_4,231,dataset_3dnr,0.0000415474,43.814560,0.994581,123.445717,52.865593
scene_4,231,ghost3dnr,0.0008646161,30.631767,0.979743,81.934349,126.224419
scene_4,232,noisy,0.0001154201,39.377184,0.986738,781.897156,60.271187
scene_4,232,2dnr,0.0001153768,39.378815,0.986749,780.157959,60.270290
scene_4,232,dataset_3dnr,0.0000420970,43.757487,0.994591,126.087288,53.814747
scene_4,232,ghost3dnr,0.0009468684,30.237104,0.979223,82.504639,130.357681
scene_4,233,noisy,0.0001142007,39.423313,0.986779,776.609253,60.072926
scene_4,233,2dnr,0.0001141573,39.424962,0.986789,774.800293,60.072041
scene_4,233,dataset_3dnr,0.0000425225,43.713809,0.994551,125.344711,54.353634
scene_4,233,ghost3dnr,0.0008928237,30.492343,0.979432,78.607109,124.678299
scene_4,234,noisy,0.0001156497,39.368554,0.986899,782.843933,61.676491
scene_4,234,2dnr,0.0001156073,39.370148,0.986908,781.052734,61.675159
scene_4,234,dataset_3dnr,0.0000432718,43.637953,0.994539,127.673409,54.868168
scene_4,234,ghost3dnr,0.0009036825,30.439841,0.978814,79.253006,126.865509
scene_4,235,noisy,0.0001157888,39.363333,0.986710,786.311584,62.130611
scene_4,235,2dnr,0.0001157458,39.364948,0.986720,784.567322,62.130135
scene_4,235,dataset_3dnr,0.0000430460,43.660667,0.994579,128.643738,55.540119
scene_4,235,ghost3dnr,0.0008769938,30.570035,0.979210,82.167618,129.102493
scene_4,236,noisy,0.0001142727,39.420576,0.986893,777.489136,61.574940
scene_4,236,2dnr,0.0001142289,39.422239,0.986899,775.718689,61.575630
scene_4,236,dataset_3dnr,0.0000426880,43.696939,0.994472,127.283783,55.523857
scene_4,236,ghost3dnr,0.0008161665,30.882213,0.979594,79.928955,119.784912
scene_4,237,noisy,0.0001146689,39.405544,0.986820,778.481689,61.345600
scene_4,237,2dnr,0.0001146243,39.407234,0.986829,776.736694,61.344185
scene_4,237,dataset_3dnr,0.0000428502,43.680467,0.994528,125.972298,55.139046
scene_4,237,ghost3dnr,0.0008035016,30.950132,0.980011,81.231079,124.288116
scene_4,238,noisy,0.0001107921,39.554912,0.987629,747.863586,60.311237
scene_4,238,2dnr,0.0001107472,39.556673,0.987638,746.028137,60.310852
scene_4,238,dataset_3dnr,0.0000444839,43.517968,0.994483,131.610870,53.017838
scene_4,238,ghost3dnr,0.0007368199,31.326387,0.980936,79.516472,122.579742
scene_4,239,noisy,0.0001159080,39.358866,0.986754,781.778748,60.830139
scene_4,239,2dnr,0.0001158639,39.360518,0.986763,779.985046,60.828766
scene_4,239,dataset_3dnr,0.0000480882,43.179618,0.994287,129.777908,60.480415
scene_4,239,ghost3dnr,0.0007009914,31.542873,0.981742,83.283836,121.396149
